<mujocoinclude>
    <!-- Asset -->
    <asset>
        <!-- Ground -->
        <texture type="2d" name="groundplane" builtin="flat" mark="edge" rgb1="0.1 0.1 0.1"
            rgb2="0.1 0.1 0.1" markrgb="0.8 0.8 0.8" width="300" height="300" />
        <!-- Black ver. -->
        <material name="groundplane" texture="groundplane" texuniform="true" texrepeat="2 2" reflectance="0.2" />
        <!-- <material name="groundplane" rgba="0.95 0.95 0.95 1" reflectance="0" shininess="0" specular="0" /> -->
        <!-- <texture type="skybox" builtin="flat" rgb1="1 1 1" rgb2="1 1 1" width="8" height="16" /> -->
    </asset>

    <!-- Light and floor -->
    <worldbody>
        <geom name="floor" size="0 0 0.05" type="plane" material="groundplane" />
    </worldbody>

</mujocoinclude>