<mujoco model="obj_triangle">
  <default>
    <default class="obj_triangle_visual">
      <geom group="2" type="mesh" contype="0" conaffinity="0"/>
    </default>
    <default class="obj_triangle_collision">
      <geom group="3" type="mesh"/>
    </default>
  </default>
  <asset>
    <mesh file="obj_triangle.obj" scale="0.005 0.004 0.002"/>
    <mesh file="obj_triangle_collision_0.obj" scale="0.005 0.004 0.002"/>
    <mesh file="obj_triangle_collision_1.obj" scale="0.005 0.004 0.002"/>
    <mesh file="obj_triangle_collision_2.obj" scale="0.005 0.004 0.002"/>
    <mesh file="obj_triangle_collision_3.obj" scale="0.005 0.004 0.002"/>
    <mesh file="obj_triangle_collision_4.obj" scale="0.005 0.004 0.002"/>
    <mesh file="obj_triangle_collision_5.obj" scale="0.005 0.004 0.002"/>
    <mesh file="obj_triangle_collision_6.obj" scale="0.005 0.004 0.002"/>
    <mesh file="obj_triangle_collision_7.obj" scale="0.005 0.004 0.002"/>
    <mesh file="obj_triangle_collision_8.obj" scale="0.005 0.004 0.002"/>
    <mesh file="obj_triangle_collision_9.obj" scale="0.005 0.004 0.002"/>
    <mesh file="obj_triangle_collision_10.obj" scale="0.005 0.004 0.002"/>
    <mesh file="obj_triangle_collision_11.obj" scale="0.005 0.004 0.002"/>
  </asset>
  <worldbody>
    <body name="obj_triangle_blue" pos="1.35 0.2 0.8" euler="0 0 1.57">
      <geom mesh="obj_triangle" class="obj_triangle_visual" rgba="0.15 0.15 0.65 1"/>
      <joint type="free"/>
      <geom mesh="obj_triangle_collision_0" class="obj_triangle_collision"/>
      <geom mesh="obj_triangle_collision_1" class="obj_triangle_collision"/>
      <geom mesh="obj_triangle_collision_2" class="obj_triangle_collision"/>
      <geom mesh="obj_triangle_collision_3" class="obj_triangle_collision"/>
      <geom mesh="obj_triangle_collision_4" class="obj_triangle_collision"/>
      <geom mesh="obj_triangle_collision_5" class="obj_triangle_collision"/>
      <geom mesh="obj_triangle_collision_6" class="obj_triangle_collision"/>
      <geom mesh="obj_triangle_collision_7" class="obj_triangle_collision"/>
      <geom mesh="obj_triangle_collision_8" class="obj_triangle_collision"/>
      <geom mesh="obj_triangle_collision_9" class="obj_triangle_collision"/>
      <geom mesh="obj_triangle_collision_10" class="obj_triangle_collision"/>
      <geom mesh="obj_triangle_collision_11" class="obj_triangle_collision"/>
    </body>

    <body name="obj_triangle_red" pos="1.35 -0.2 0.8" euler="0 0 1.57">
      <geom mesh="obj_triangle" class="obj_triangle_visual" rgba="0.65 0.15 0.15 1"/>
      <joint type="free"/>
      <geom mesh="obj_triangle_collision_0" class="obj_triangle_collision"/>
      <geom mesh="obj_triangle_collision_1" class="obj_triangle_collision"/>
      <geom mesh="obj_triangle_collision_2" class="obj_triangle_collision"/>
      <geom mesh="obj_triangle_collision_3" class="obj_triangle_collision"/>
      <geom mesh="obj_triangle_collision_4" class="obj_triangle_collision"/>
      <geom mesh="obj_triangle_collision_5" class="obj_triangle_collision"/>
      <geom mesh="obj_triangle_collision_6" class="obj_triangle_collision"/>
      <geom mesh="obj_triangle_collision_7" class="obj_triangle_collision"/>
      <geom mesh="obj_triangle_collision_8" class="obj_triangle_collision"/>
      <geom mesh="obj_triangle_collision_9" class="obj_triangle_collision"/>
      <geom mesh="obj_triangle_collision_10" class="obj_triangle_collision"/>
      <geom mesh="obj_triangle_collision_11" class="obj_triangle_collision"/>
    </body>

    <body name="obj_triangle_green" pos="1.35 0. 0.8" euler="0 0 1.57">
      <geom mesh="obj_triangle" class="obj_triangle_visual" rgba="0.15 0.65 0.15 1"/>
      <joint type="free"/>
      <geom mesh="obj_triangle_collision_0" class="obj_triangle_collision"/>
      <geom mesh="obj_triangle_collision_1" class="obj_triangle_collision"/>
      <geom mesh="obj_triangle_collision_2" class="obj_triangle_collision"/>
      <geom mesh="obj_triangle_collision_3" class="obj_triangle_collision"/>
      <geom mesh="obj_triangle_collision_4" class="obj_triangle_collision"/>
      <geom mesh="obj_triangle_collision_5" class="obj_triangle_collision"/>
      <geom mesh="obj_triangle_collision_6" class="obj_triangle_collision"/>
      <geom mesh="obj_triangle_collision_7" class="obj_triangle_collision"/>
      <geom mesh="obj_triangle_collision_8" class="obj_triangle_collision"/>
      <geom mesh="obj_triangle_collision_9" class="obj_triangle_collision"/>
      <geom mesh="obj_triangle_collision_10" class="obj_triangle_collision"/>
      <geom mesh="obj_triangle_collision_11" class="obj_triangle_collision"/>
    </body>
  </worldbody>
</mujoco>