<mujocoinclude>

    <asset>
        <texture type="2d" name="light_wood_v3" file="light_wood_v3.png"/>
        <material name="wood_table_mat" texture="light_wood_v3" specular="0.5" shininess="0.5"  rgba="0.5 0.5 0.5 1"/>
    </asset>

    <worldbody>
        <!-- Front Object Table -->
        <body name="front_object_table" pos="0.98 0 0" euler="0 0 0">
            <!-- rgba="0.73 0.76 0.79 1.0" -->
            <geom name="front_object_table_geom" size="0.6 0.45 0.37" pos="0 0 0.37" type="box" material="wood_table_mat"/>
            <inertial pos="0 0 0" mass="1" diaginertia="0 0 0" />
        </body>

        <!-- Side Object Table -->
        <body name="side_object_table" pos="-1 -1 0" euler="0 0 0">
            <!-- rgba="0.73 0.76 0.79 1.0" -->
            <geom name="side_object_table" size="0.4 0.4 0.375" pos="0 0 0.375" type="box" material="wood_table_mat"/>
            <inertial pos="0 0 0" mass="1" diaginertia="0 0 0" />
        </body>
    </worldbody>

</mujocoinclude>