<mujoco model="ur5e scene">
  <option noslip_iterations="100">

  </option>
  <!-- UR5e -->
  <include file="./ur5e_rg2.xml" />

  <!-- Object table -->
  <include file="../object/object_table.xml" />

  <!-- Base table -->
  <include file="../object/base_table.xml" />

  <!-- Objects -->
  <include file="../object/obj_star.xml" />
  <include file="../object/obj_triangle.xml" />

  <!-- Floor and Sky -->
  <include file="../object/dark_floor.xml" />
  <include file="../object/dark_sky.xml" />

</mujoco>
 