<mujoco model="ur5e scene">
  <option noslip_iterations="100">

  </option>
  <!-- UR5e -->
  <include file="./ur5e_rg2.xml" />

  <!-- Object table -->
  <include file="../object/object_table.xml" />

  <!-- Base table -->
  <include file="../object/base_table.xml" />

  <!-- Fruits -->
  <!-- red, sphere, fruit -->
  <include file="../fruit/ycb-apple.xml" />
  <!-- yello, sphere, fruit -->
  <include file="../fruit/ycb-lemon.xml" />

  <!-- Snacks -->
  <!-- red, box, snack -->
  <include file="../snack/pocky.xml" />
  <!-- red, box, snack -->
  <include file="../snack/kitkat_box.xml" />
  <include file="../snack/kitkat_flat.xml" />
  <include file="../snack/chocopie.xml" />

  <!-- Beverages -->
  <!-- red, cylinder, beverage -->
  <include file="../beverage/coke.xml" />
  <!-- yellow, cylinder, beverage -->
  <include file="../beverage/monster_yellow.xml" />

  <!-- Floor and Sky -->
  <include file="../object/dark_floor.xml" />
  <include file="../object/dark_sky.xml" />

</mujoco>
 