<mujoco model="ycb-peach">

  <asset>
    <texture type="2d" name="ycb-peach" file="ycb-peach.png"/>
    <material name="ycb-peach_mat" texture="ycb-peach" specular="0.5" shininess="0.5"/>
    <mesh file="ycb-peach.obj"/>
    <mesh file="ycb-peach_collision_0.obj"/>
    <mesh file="ycb-peach_collision_1.obj"/>
    <mesh file="ycb-peach_collision_2.obj"/>
    <mesh file="ycb-peach_collision_3.obj"/>
    <mesh file="ycb-peach_collision_4.obj"/>
  </asset>
  <worldbody>
    <body name="ycb-peach">
      <freejoint/>
      <geom material="ycb-peach_mat" mesh="ycb-peach" class="visual"/>
      <geom mesh="ycb-peach_collision_0" class="collision"/>
      <geom mesh="ycb-peach_collision_1" class="collision"/>
      <geom mesh="ycb-peach_collision_2" class="collision"/>
      <geom mesh="ycb-peach_collision_3" class="collision"/>
      <geom mesh="ycb-peach_collision_4" class="collision"/>
    </body>
  </worldbody>
</mujoco>